s,r0_theory_hz,r0_sim_hz
0.2069230769230769,0.0017693723877308645,0.0
0.24141025641025637,0.08945670874410314,0.075
0.27589743589743587,1.0026266905614036,0.875
0.31038461538461537,4.215506453859505,3.575
0.34487179487179487,9.82570219756262,8.9
0.37935897435897437,16.641531793330223,15.125
0.4138461538461538,23.792398036545983,22.2
0.44833333333333325,30.937292598051744,28.708333333333332
0.48282051282051275,37.983071062918995,35.90833333333333
0.5173076923076922,44.92002409055003,42.45
